{"version":1,"resource":"file:///Users/alan/Desktop/InfoVis/exercise-2/js/main.js","entries":[{"id":"5TYH.js","timestamp":1681291420939},{"id":"dZj6.js","timestamp":1681291446066},{"id":"NHdA.js","timestamp":1681291473372},{"id":"LeAm.js","timestamp":1681291511320},{"id":"tnyz.js","timestamp":1681291545816},{"id":"d5Nn.js","timestamp":1681291561420},{"id":"OpZP.js","timestamp":1681291607802},{"id":"9Hd9.js","timestamp":1681291620811},{"id":"KLOL.js","timestamp":1681291664153},{"id":"yNvU.js","timestamp":1681291690298},{"id":"meiH.js","timestamp":1681291733236},{"id":"9Aut.js","timestamp":1681291749671},{"id":"y3R7.js","timestamp":1681291965506},{"id":"Z28o.js","timestamp":1681292091360},{"id":"Zbop.js","timestamp":1681292117404},{"id":"9dm9.js","timestamp":1681292152954},{"id":"bZhv.js","timestamp":1681292184271},{"id":"xBIW.js","timestamp":1681292195073},{"id":"WII2.js","source":"undoRedo.source","timestamp":1681292292321},{"id":"UEva.js","timestamp":1681292296457},{"id":"yQtb.js","timestamp":1681292341771},{"id":"JakM.js","timestamp":1681292367338},{"id":"pC2q.js","timestamp":1681292422585},{"id":"XkbR.js","timestamp":1681292437875},{"id":"ypA2.js","timestamp":1681292448061},{"id":"uabK.js","timestamp":1681292476629},{"id":"zKlC.js","timestamp":1681292489507},{"id":"9UUJ.js","timestamp":1681292505966},{"id":"YaTx.js","timestamp":1681292516920},{"id":"aS9K.js","timestamp":1681292550794},{"id":"Kw5V.js","timestamp":1681292575170},{"id":"4cG8.js","timestamp":1681292657168},{"id":"dkLr.js","timestamp":1681292675150},{"id":"HQBt.js","timestamp":1681292732418},{"id":"IsOJ.js","timestamp":1681292781223},{"id":"CTuf.js","timestamp":1681292828812},{"id":"Vjh1.js","timestamp":1681292846355},{"id":"b4QR.js","timestamp":1681292920556},{"id":"jfYN.js","timestamp":1681292939846},{"id":"Jiv2.js","source":"undoRedo.source","timestamp":1681292949883},{"id":"lRtS.js","timestamp":1681292957826},{"id":"ZGVm.js","timestamp":1681292973618},{"id":"tGA4.js","timestamp":1681292991730},{"id":"gLnE.js","timestamp":1681293013106},{"id":"doRh.js","timestamp":1681293080191},{"id":"F8Ue.js","source":"undoRedo.source","timestamp":1681293090472},{"id":"WEYh.js","timestamp":1681293092604},{"id":"32vR.js","timestamp":1681293115767},{"id":"51E8.js","timestamp":1681293189287},{"id":"8vaH.js","timestamp":1681293218036}]}